lhd,date,"Female rate per 100,000 population","Male rate per 100,000 population"
Central Coast,2014-07,29.8,21.8
Central Coast,2014-08,34.3,32.0
Central Coast,2014-09,28.4,19.9
Central Coast,2014-10,28.0,19.5
Central Coast,2014-11,28.0,21.7
Central Coast,2014-12,18.0,33.4
Central Coast,2015-01,19.0,21.7
Central Coast,2015-02,37.6,33.6
Central Coast,2015-03,41.5,34.6
Central Coast,2015-04,39.0,29.7
Central Coast,2015-05,42.7,43.8
Central Coast,2015-06,26.8,41.6
Central Coast,2015-07,37.5,27.4
Central Coast,2015-08,39.6,37.1
Central Coast,2015-09,42.5,25.9
Central Coast,2015-10,21.3,29.4
Central Coast,2015-11,27.0,28.6
Central Coast,2015-12,39.5,32.5
Central Coast,2016-01,25.7,14.9
Central Coast,2016-02,30.6,26.1
Central Coast,2016-03,29.0,20.7
Central Coast,2016-04,33.4,32.2
Central Coast,2016-05,39.2,40.5
Central Coast,2016-06,39.9,34.6
Central Coast,2016-07,25.2,29.2
Central Coast,2016-08,48.6,27.3
Central Coast,2016-09,35.5,33.7
Central Coast,2016-10,34.3,23.6
Central Coast,2016-11,19.3,21.0
Central Coast,2016-12,27.9,19.9
Central Coast,2017-01,19.4,14.8
Central Coast,2017-02,28.3,34.5
Central Coast,2017-03,30.6,32.6
Central Coast,2017-04,45.9,33.0
Central Coast,2017-05,62.1,38.8
Central Coast,2017-06,34.3,31.2
Central Coast,2017-07,29.7,28.9
Central Coast,2017-08,39.9,29.5
Central Coast,2017-09,35.1,19.4
Central Coast,2017-10,24.7,24.0
Central Coast,2017-11,33.5,36.2
Central Coast,2017-12,34.6,25.5
Central Coast,2018-01,21.6,16.6
Central Coast,2018-02,28.5,32.7
Central Coast,2018-03,34.0,21.9
Central Coast,2018-04,25.6,34.7
Central Coast,2018-05,41.0,38.1
Central Coast,2018-06,38.1,36.6
Central Coast,2018-07,39.5,28.6
Central Coast,2018-08,31.9,24.6
Central Coast,2018-09,27.5,25.0
Central Coast,2018-10,30.3,16.0
Central Coast,2018-11,30.3,22.7
Central Coast,2018-12,26.7,28.1
Central Coast,2019-01,23.7,24.4
Central Coast,2019-02,35.7,44.9
Central Coast,2019-03,31.0,31.1
Central Coast,2019-04,34.1,27.2
Central Coast,2019-05,39.8,37.7
Central Coast,2019-06,53.2,38.7
Central Coast,2019-07,36.6,30.3
Central Coast,2019-08,39.6,17.2
Central Coast,2019-09,31.1,20.0
Central Coast,2019-10,24.1,22.8
Central Coast,2019-11,45.1,25.6
Central Coast,2019-12,43.5,36.9
Central Coast,2020-01,21.0,18.8
Central Coast,2020-02,29.2,35.7
Central Coast,2020-03,45.7,49.0
Central Coast,2020-04,24.8,8.4
Central Coast,2020-05,18.9,15.5
Central Coast,2020-06,34.4,39.9
Central Coast,2020-07,23.7,22.7
Central Coast,2020-08,32.3,23.4
Central Coast,2020-09,20.4,20.8
Central Coast,2020-10,18.4,19.9
Central Coast,2020-11,27.4,29.0
Central Coast,2020-12,24.8,12.3
Central Coast,2021-01,22.8,12.9
Central Coast,2021-02,17.8,24.7
Central Coast,2021-03,26.0,31.0
Central Coast,2021-04,28.2,28.2
Central Coast,2021-05,26.6,31.3
Central Coast,2021-06,40.2,30.3
Central Coast,2021-07,23.1,23.6
Central Coast,2021-08,15.4,7.0
Central Coast,2021-09,11.1,7.5
Central Coast,2021-10,14.1,11.3
Central Coast,2021-11,20.4,14.3
Central Coast,2021-12,13.2,10.4
Central Coast,2022-01,18.5,6.7
Central Coast,2022-02,13.2,15.4
Central Coast,2022-03,28.3,26.6
Central Coast,2022-04,37.8,40.2
Central Coast,2022-05,46.4,57.4
Central Coast,2022-06,45.8,30.1
Central Coast,2022-07,35.7,22.5
Central Coast,2022-08,39.4,37.9
Central Coast,2022-09,31.8,35.5
Central Coast,2022-10,27.3,26.0
Central Coast,2022-11,24.0,18.3
Central Coast,2022-12,22.6,18.5
Central Coast,2023-01,18.3,13.8
Central Coast,2023-02,22.8,31.1
Central Coast,2023-03,25.3,29.5
Central Coast,2023-04,26.1,20.7
Central Coast,2023-05,42.0,31.3
Central Coast,2023-06,33.3,23.2
Hunter New England,2014-07,45.3,32.3
Hunter New England,2014-08,49.4,42.6
Hunter New England,2014-09,36.0,26.7
Hunter New England,2014-10,34.4,31.2
Hunter New England,2014-11,24.7,25.9
Hunter New England,2014-12,24.8,29.4
Hunter New England,2015-01,26.5,20.9
Hunter New England,2015-02,34.4,37.5
Hunter New England,2015-03,34.4,40.6
Hunter New England,2015-04,35.5,41.3
Hunter New England,2015-05,53.2,62.9
Hunter New England,2015-06,56.3,53.5
Hunter New England,2015-07,48.3,45.3
Hunter New England,2015-08,54.2,45.9
Hunter New England,2015-09,36.4,31.0
Hunter New England,2015-10,33.8,33.9
Hunter New England,2015-11,33.7,37.5
Hunter New England,2015-12,41.0,38.0
Hunter New England,2016-01,31.1,21.2
Hunter New England,2016-02,35.0,43.8
Hunter New England,2016-03,34.3,36.2
Hunter New England,2016-04,36.6,33.5
Hunter New England,2016-05,41.6,48.1
Hunter New England,2016-06,48.9,44.1
Hunter New England,2016-07,42.8,37.5
Hunter New England,2016-08,51.7,34.9
Hunter New England,2016-09,37.0,38.2
Hunter New England,2016-10,42.1,48.5
Hunter New England,2016-11,42.9,42.4
Hunter New England,2016-12,33.5,28.7
Hunter New England,2017-01,26.4,17.7
Hunter New England,2017-02,32.4,40.6
Hunter New England,2017-03,34.3,43.3
Hunter New England,2017-04,52.5,52.1
Hunter New England,2017-05,61.6,62.2
Hunter New England,2017-06,47.5,49.4
Hunter New England,2017-07,49.6,42.6
Hunter New England,2017-08,40.1,28.8
Hunter New England,2017-09,36.4,33.7
Hunter New England,2017-10,29.6,32.3
Hunter New England,2017-11,26.1,32.2
Hunter New England,2017-12,32.5,31.9
Hunter New England,2018-01,26.3,20.4
Hunter New England,2018-02,34.1,43.0
Hunter New England,2018-03,36.6,41.7
Hunter New England,2018-04,31.3,33.7
Hunter New England,2018-05,46.0,51.7
Hunter New England,2018-06,41.7,44.9
Hunter New England,2018-07,40.1,41.0
Hunter New England,2018-08,35.7,37.2
Hunter New England,2018-09,38.1,30.3
Hunter New England,2018-10,34.2,31.2
Hunter New England,2018-11,41.8,30.1
Hunter New England,2018-12,34.0,30.9
Hunter New England,2019-01,18.8,19.7
Hunter New England,2019-02,34.7,42.5
Hunter New England,2019-03,40.9,34.4
Hunter New England,2019-04,41.3,40.0
Hunter New England,2019-05,53.0,40.7
Hunter New England,2019-06,53.1,45.0
Hunter New England,2019-07,42.1,44.6
Hunter New England,2019-08,43.8,45.4
Hunter New England,2019-09,47.2,29.6
Hunter New England,2019-10,40.6,31.3
Hunter New England,2019-11,51.3,40.6
Hunter New England,2019-12,45.1,36.7
Hunter New England,2020-01,30.0,22.6
Hunter New England,2020-02,31.4,34.1
Hunter New England,2020-03,50.2,37.0
Hunter New England,2020-04,23.3,13.2
Hunter New England,2020-05,18.6,20.5
Hunter New England,2020-06,46.3,52.4
Hunter New England,2020-07,33.7,24.9
Hunter New England,2020-08,31.6,27.4
Hunter New England,2020-09,20.0,24.2
Hunter New England,2020-10,28.4,25.3
Hunter New England,2020-11,29.5,32.4
Hunter New England,2020-12,26.5,31.5
Hunter New England,2021-01,21.0,14.4
Hunter New England,2021-02,29.1,23.8
Hunter New England,2021-03,42.9,37.3
Hunter New England,2021-04,44.7,34.7
Hunter New England,2021-05,53.1,53.9
Hunter New England,2021-06,39.7,36.2
Hunter New England,2021-07,35.7,28.7
Hunter New England,2021-08,26.6,23.6
Hunter New England,2021-09,18.5,11.7
Hunter New England,2021-10,27.7,20.1
Hunter New England,2021-11,24.7,27.3
Hunter New England,2021-12,23.5,23.2
Hunter New England,2022-01,19.6,9.3
Hunter New England,2022-02,18.5,15.9
Hunter New England,2022-03,41.5,45.1
Hunter New England,2022-04,42.3,43.1
Hunter New England,2022-05,58.3,67.2
Hunter New England,2022-06,61.2,53.6
Hunter New England,2022-07,35.5,28.4
Hunter New England,2022-08,48.4,45.9
Hunter New England,2022-09,40.7,44.6
Hunter New England,2022-10,44.5,47.3
Hunter New England,2022-11,30.2,33.2
Hunter New England,2022-12,21.6,17.4
Hunter New England,2023-01,23.2,18.7
Hunter New England,2023-02,28.7,38.4
Hunter New England,2023-03,28.5,29.7
Hunter New England,2023-04,30.2,29.5
Hunter New England,2023-05,39.9,44.3
Hunter New England,2023-06,38.7,39.1
Illawarra Shoalhaven,2014-07,42.1,26.7
Illawarra Shoalhaven,2014-08,39.6,37.5
Illawarra Shoalhaven,2014-09,30.8,26.3
Illawarra Shoalhaven,2014-10,21.1,22.9
Illawarra Shoalhaven,2014-11,29.0,26.9
Illawarra Shoalhaven,2014-12,21.9,24.2
Illawarra Shoalhaven,2015-01,25.0,25.4
Illawarra Shoalhaven,2015-02,33.1,45.4
Illawarra Shoalhaven,2015-03,42.0,40.0
Illawarra Shoalhaven,2015-04,32.8,27.3
Illawarra Shoalhaven,2015-05,49.5,39.4
Illawarra Shoalhaven,2015-06,42.1,40.7
Illawarra Shoalhaven,2015-07,42.5,33.0
Illawarra Shoalhaven,2015-08,51.5,34.1
Illawarra Shoalhaven,2015-09,35.5,29.9
Illawarra Shoalhaven,2015-10,20.2,28.9
Illawarra Shoalhaven,2015-11,32.8,29.2
Illawarra Shoalhaven,2015-12,24.3,30.1
Illawarra Shoalhaven,2016-01,26.8,20.2
Illawarra Shoalhaven,2016-02,42.6,44.6
Illawarra Shoalhaven,2016-03,43.8,31.8
Illawarra Shoalhaven,2016-04,42.7,30.7
Illawarra Shoalhaven,2016-05,46.1,41.7
Illawarra Shoalhaven,2016-06,48.3,37.0
Illawarra Shoalhaven,2016-07,40.5,32.2
Illawarra Shoalhaven,2016-08,42.0,29.5
Illawarra Shoalhaven,2016-09,36.8,34.9
Illawarra Shoalhaven,2016-10,37.9,23.2
Illawarra Shoalhaven,2016-11,31.2,27.0
Illawarra Shoalhaven,2016-12,33.2,23.3
Illawarra Shoalhaven,2017-01,25.9,20.8
Illawarra Shoalhaven,2017-02,43.5,28.2
Illawarra Shoalhaven,2017-03,45.1,33.0
Illawarra Shoalhaven,2017-04,39.6,43.3
Illawarra Shoalhaven,2017-05,39.7,53.3
Illawarra Shoalhaven,2017-06,40.7,32.8
Illawarra Shoalhaven,2017-07,41.1,42.0
Illawarra Shoalhaven,2017-08,40.4,26.5
Illawarra Shoalhaven,2017-09,35.2,23.5
Illawarra Shoalhaven,2017-10,24.4,32.9
Illawarra Shoalhaven,2017-11,34.0,27.2
Illawarra Shoalhaven,2017-12,27.0,23.3
Illawarra Shoalhaven,2018-01,21.9,20.6
Illawarra Shoalhaven,2018-02,40.8,51.2
Illawarra Shoalhaven,2018-03,31.5,39.2
Illawarra Shoalhaven,2018-04,33.3,30.6
Illawarra Shoalhaven,2018-05,29.5,44.6
Illawarra Shoalhaven,2018-06,30.6,36.2
Illawarra Shoalhaven,2018-07,31.6,26.6
Illawarra Shoalhaven,2018-08,28.5,20.0
Illawarra Shoalhaven,2018-09,29.2,27.8
Illawarra Shoalhaven,2018-10,29.8,16.4
Illawarra Shoalhaven,2018-11,20.8,23.7
Illawarra Shoalhaven,2018-12,36.4,29.4
Illawarra Shoalhaven,2019-01,31.0,21.7
Illawarra Shoalhaven,2019-02,33.8,43.3
Illawarra Shoalhaven,2019-03,26.6,29.1
Illawarra Shoalhaven,2019-04,38.6,30.9
Illawarra Shoalhaven,2019-05,38.9,38.4
Illawarra Shoalhaven,2019-06,47.0,31.0
Illawarra Shoalhaven,2019-07,33.4,28.0
Illawarra Shoalhaven,2019-08,29.5,21.8
Illawarra Shoalhaven,2019-09,22.9,24.1
Illawarra Shoalhaven,2019-10,29.0,19.8
Illawarra Shoalhaven,2019-11,29.6,19.4
Illawarra Shoalhaven,2019-12,31.2,23.9
Illawarra Shoalhaven,2020-01,35.4,27.2
Illawarra Shoalhaven,2020-02,27.4,34.5
Illawarra Shoalhaven,2020-03,43.8,39.0
Illawarra Shoalhaven,2020-04,18.0,9.4
Illawarra Shoalhaven,2020-05,13.4,7.2
Illawarra Shoalhaven,2020-06,25.8,25.7
Illawarra Shoalhaven,2020-07,19.7,17.0
Illawarra Shoalhaven,2020-08,26.4,18.2
Illawarra Shoalhaven,2020-09,22.1,17.5
Illawarra Shoalhaven,2020-10,23.2,17.7
Illawarra Shoalhaven,2020-11,19.2,25.4
Illawarra Shoalhaven,2020-12,19.9,21.0
Illawarra Shoalhaven,2021-01,12.4,7.1
Illawarra Shoalhaven,2021-02,22.2,19.4
Illawarra Shoalhaven,2021-03,24.9,29.6
Illawarra Shoalhaven,2021-04,27.7,24.5
Illawarra Shoalhaven,2021-05,35.5,28.1
Illawarra Shoalhaven,2021-06,41.1,21.6
Illawarra Shoalhaven,2021-07,20.1,14.6
Illawarra Shoalhaven,2021-08,16.0,8.8
Illawarra Shoalhaven,2021-09,10.9,7.6
Illawarra Shoalhaven,2021-10,11.6,12.5
Illawarra Shoalhaven,2021-11,21.8,16.3
Illawarra Shoalhaven,2021-12,17.5,12.6
Illawarra Shoalhaven,2022-01,13.1,9.7
Illawarra Shoalhaven,2022-02,14.3,17.4
Illawarra Shoalhaven,2022-03,25.2,33.8
Illawarra Shoalhaven,2022-04,32.7,26.3
Illawarra Shoalhaven,2022-05,40.8,48.2
Illawarra Shoalhaven,2022-06,38.3,37.5
Illawarra Shoalhaven,2022-07,21.6,17.2
Illawarra Shoalhaven,2022-08,24.0,25.3
Illawarra Shoalhaven,2022-09,33.0,27.3
Illawarra Shoalhaven,2022-10,26.4,21.5
Illawarra Shoalhaven,2022-11,20.4,12.9
Illawarra Shoalhaven,2022-12,15.8,18.3
Illawarra Shoalhaven,2023-01,15.1,15.1
Illawarra Shoalhaven,2023-02,22.3,22.9
Illawarra Shoalhaven,2023-03,22.6,31.2
Illawarra Shoalhaven,2023-04,22.7,19.5
Illawarra Shoalhaven,2023-05,26.3,34.8
Illawarra Shoalhaven,2023-06,18.2,23.0
Mid North Coast,2014-07,58.4,35.5
Mid North Coast,2014-08,40.9,31.6
Mid North Coast,2014-09,33.1,30.7
Mid North Coast,2014-10,34.5,49.2
Mid North Coast,2014-11,38.8,33.1
Mid North Coast,2014-12,30.0,39.0
Mid North Coast,2015-01,27.5,23.9
Mid North Coast,2015-02,40.2,51.3
Mid North Coast,2015-03,42.0,47.3
Mid North Coast,2015-04,40.7,27.6
Mid North Coast,2015-05,52.7,44.1
Mid North Coast,2015-06,56.0,65.8
Mid North Coast,2015-07,56.0,45.2
Mid North Coast,2015-08,53.9,55.4
Mid North Coast,2015-09,49.7,51.8
Mid North Coast,2015-10,37.5,45.0
Mid North Coast,2015-11,41.4,39.1
Mid North Coast,2015-12,36.8,55.2
Mid North Coast,2016-01,16.0,38.9
Mid North Coast,2016-02,30.6,29.4
Mid North Coast,2016-03,31.0,33.3
Mid North Coast,2016-04,38.1,27.2
Mid North Coast,2016-05,53.1,54.8
Mid North Coast,2016-06,42.6,42.2
Mid North Coast,2016-07,33.1,31.2
Mid North Coast,2016-08,43.9,46.5
Mid North Coast,2016-09,48.4,41.7
Mid North Coast,2016-10,38.3,46.2
Mid North Coast,2016-11,41.7,25.5
Mid North Coast,2016-12,20.8,25.0
Mid North Coast,2017-01,17.0,20.0
Mid North Coast,2017-02,28.7,41.5
Mid North Coast,2017-03,34.5,40.5
Mid North Coast,2017-04,42.1,47.7
Mid North Coast,2017-05,58.3,72.7
Mid North Coast,2017-06,54.5,71.5
Mid North Coast,2017-07,51.7,35.2
Mid North Coast,2017-08,49.7,46.5
Mid North Coast,2017-09,36.0,27.9
Mid North Coast,2017-10,38.2,29.0
Mid North Coast,2017-11,43.0,25.2
Mid North Coast,2017-12,29.4,37.2
Mid North Coast,2018-01,15.7,29.8
Mid North Coast,2018-02,24.3,44.0
Mid North Coast,2018-03,25.2,54.3
Mid North Coast,2018-04,26.6,47.7
Mid North Coast,2018-05,35.0,51.9
Mid North Coast,2018-06,46.8,41.4
Mid North Coast,2018-07,42.7,30.0
Mid North Coast,2018-08,46.2,38.8
Mid North Coast,2018-09,36.9,33.8
Mid North Coast,2018-10,40.2,40.9
Mid North Coast,2018-11,47.2,30.1
Mid North Coast,2018-12,37.1,20.9
Mid North Coast,2019-01,19.2,24.3
Mid North Coast,2019-02,25.5,34.9
Mid North Coast,2019-03,40.5,45.2
Mid North Coast,2019-04,35.1,34.6
Mid North Coast,2019-05,61.5,46.1
Mid North Coast,2019-06,44.4,49.8
Mid North Coast,2019-07,47.3,24.6
Mid North Coast,2019-08,51.1,43.5
Mid North Coast,2019-09,50.0,39.4
Mid North Coast,2019-10,32.0,34.7
Mid North Coast,2019-11,78.5,89.2
Mid North Coast,2019-12,28.3,26.8
Mid North Coast,2020-01,29.6,26.3
Mid North Coast,2020-02,26.2,28.3
Mid North Coast,2020-03,59.5,37.2
Mid North Coast,2020-04,28.9,12.2
Mid North Coast,2020-05,22.5,12.4
Mid North Coast,2020-06,39.8,35.3
Mid North Coast,2020-07,38.6,35.0
Mid North Coast,2020-08,36.9,34.1
Mid North Coast,2020-09,15.4,13.4
Mid North Coast,2020-10,17.1,23.6
Mid North Coast,2020-11,16.6,24.0
Mid North Coast,2020-12,20.4,23.2
Mid North Coast,2021-01,19.1,9.5
Mid North Coast,2021-02,20.2,14.0
Mid North Coast,2021-03,27.1,24.7
Mid North Coast,2021-04,45.7,34.0
Mid North Coast,2021-05,45.7,53.3
Mid North Coast,2021-06,58.1,36.4
Mid North Coast,2021-07,38.8,30.9
Mid North Coast,2021-08,27.3,24.8
Mid North Coast,2021-09,22.1,10.3
Mid North Coast,2021-10,26.2,18.8
Mid North Coast,2021-11,22.2,21.1
Mid North Coast,2021-12,26.8,19.6
Mid North Coast,2022-01,26.6,21.0
Mid North Coast,2022-02,14.4,13.4
Mid North Coast,2022-03,32.1,25.7
Mid North Coast,2022-04,31.6,22.3
Mid North Coast,2022-05,50.0,65.2
Mid North Coast,2022-06,68.1,62.1
Mid North Coast,2022-07,52.5,32.8
Mid North Coast,2022-08,49.0,34.7
Mid North Coast,2022-09,48.8,39.7
Mid North Coast,2022-10,46.5,38.5
Mid North Coast,2022-11,39.5,21.7
Mid North Coast,2022-12,29.3,21.4
Mid North Coast,2023-01,19.8,18.6
Mid North Coast,2023-02,20.8,24.7
Mid North Coast,2023-03,25.9,18.6
Mid North Coast,2023-04,41.1,23.9
Mid North Coast,2023-05,33.7,29.7
Mid North Coast,2023-06,40.7,25.6
Murrumbidgee,2014-07,46.2,51.4
Murrumbidgee,2014-08,84.8,59.3
Murrumbidgee,2014-09,52.7,57.2
Murrumbidgee,2014-10,80.6,63.8
Murrumbidgee,2014-11,57.1,49.1
Murrumbidgee,2014-12,41.1,44.0
Murrumbidgee,2015-01,22.1,25.9
Murrumbidgee,2015-02,45.4,41.5
Murrumbidgee,2015-03,45.9,57.4
Murrumbidgee,2015-04,52.3,45.9
Murrumbidgee,2015-05,58.1,62.3
Murrumbidgee,2015-06,66.4,61.1
Murrumbidgee,2015-07,61.1,61.2
Murrumbidgee,2015-08,69.4,56.3
Murrumbidgee,2015-09,58.8,55.1
Murrumbidgee,2015-10,80.8,89.3
Murrumbidgee,2015-11,61.2,66.0
Murrumbidgee,2015-12,38.8,28.8
Murrumbidgee,2016-01,32.2,29.8
Murrumbidgee,2016-02,48.9,53.6
Murrumbidgee,2016-03,44.9,58.8
Murrumbidgee,2016-04,44.2,49.8
Murrumbidgee,2016-05,55.5,64.1
Murrumbidgee,2016-06,72.4,37.6
Murrumbidgee,2016-07,69.8,51.7
Murrumbidgee,2016-08,65.5,64.5
Murrumbidgee,2016-09,71.9,62.9
Murrumbidgee,2016-10,75.6,105.1
Murrumbidgee,2016-11,87.4,93.8
Murrumbidgee,2016-12,60.3,60.3
Murrumbidgee,2017-01,50.6,37.8
Murrumbidgee,2017-02,38.3,32.9
Murrumbidgee,2017-03,46.1,48.2
Murrumbidgee,2017-04,45.4,47.6
Murrumbidgee,2017-05,79.0,75.4
Murrumbidgee,2017-06,60.0,48.7
Murrumbidgee,2017-07,74.3,47.7
Murrumbidgee,2017-08,70.9,56.7
Murrumbidgee,2017-09,65.8,51.3
Murrumbidgee,2017-10,69.5,71.7
Murrumbidgee,2017-11,51.5,72.4
Murrumbidgee,2017-12,41.9,35.7
Murrumbidgee,2018-01,42.3,26.5
Murrumbidgee,2018-02,33.6,42.0
Murrumbidgee,2018-03,50.2,33.6
Murrumbidgee,2018-04,41.7,32.6
Murrumbidgee,2018-05,66.2,41.1
Murrumbidgee,2018-06,45.6,46.5
Murrumbidgee,2018-07,60.8,45.8
Murrumbidgee,2018-08,64.8,38.9
Murrumbidgee,2018-09,69.5,49.4
Murrumbidgee,2018-10,57.3,42.2
Murrumbidgee,2018-11,68.1,48.2
Murrumbidgee,2018-12,37.0,38.1
Murrumbidgee,2019-01,31.9,20.2
Murrumbidgee,2019-02,42.3,43.6
Murrumbidgee,2019-03,58.2,36.6
Murrumbidgee,2019-04,66.0,42.6
Murrumbidgee,2019-05,58.1,45.9
Murrumbidgee,2019-06,56.7,49.4
Murrumbidgee,2019-07,60.8,49.4
Murrumbidgee,2019-08,58.7,51.4
Murrumbidgee,2019-09,69.7,50.2
Murrumbidgee,2019-10,48.2,61.1
Murrumbidgee,2019-11,70.1,52.4
Murrumbidgee,2019-12,74.9,38.0
Murrumbidgee,2020-01,76.1,43.5
Murrumbidgee,2020-02,39.1,28.2
Murrumbidgee,2020-03,47.4,38.6
Murrumbidgee,2020-04,29.9,16.4
Murrumbidgee,2020-05,31.4,13.3
Murrumbidgee,2020-06,34.3,35.7
Murrumbidgee,2020-07,43.2,30.4
Murrumbidgee,2020-08,43.5,20.3
Murrumbidgee,2020-09,32.0,24.6
Murrumbidgee,2020-10,91.0,82.8
Murrumbidgee,2020-11,62.5,51.1
Murrumbidgee,2020-12,51.6,42.7
Murrumbidgee,2021-01,30.8,19.5
Murrumbidgee,2021-02,41.3,27.8
Murrumbidgee,2021-03,45.3,40.3
Murrumbidgee,2021-04,52.8,40.5
Murrumbidgee,2021-05,58.3,36.4
Murrumbidgee,2021-06,55.9,42.8
Murrumbidgee,2021-07,35.8,25.8
Murrumbidgee,2021-08,63.3,36.1
Murrumbidgee,2021-09,36.4,19.2
Murrumbidgee,2021-10,50.0,48.6
Murrumbidgee,2021-11,50.9,51.4
Murrumbidgee,2021-12,48.2,51.1
Murrumbidgee,2022-01,33.6,20.0
Murrumbidgee,2022-02,32.4,24.0
Murrumbidgee,2022-03,38.9,32.8
Murrumbidgee,2022-04,61.7,43.7
Murrumbidgee,2022-05,68.5,75.3
Murrumbidgee,2022-06,63.7,37.8
Murrumbidgee,2022-07,62.1,48.6
Murrumbidgee,2022-08,73.8,65.3
Murrumbidgee,2022-09,79.9,69.1
Murrumbidgee,2022-10,99.9,83.1
Murrumbidgee,2022-11,73.4,93.6
Murrumbidgee,2022-12,54.9,43.3
Murrumbidgee,2023-01,39.9,42.3
Murrumbidgee,2023-02,38.2,38.8
Murrumbidgee,2023-03,44.2,34.9
Murrumbidgee,2023-04,59.9,46.1
Murrumbidgee,2023-05,80.8,43.7
Murrumbidgee,2023-06,54.5,43.2
Nepean Blue Mountains,2014-07,49.1,31.9
Nepean Blue Mountains,2014-08,41.1,33.5
Nepean Blue Mountains,2014-09,39.8,41.4
Nepean Blue Mountains,2014-10,33.6,32.7
Nepean Blue Mountains,2014-11,33.1,22.6
Nepean Blue Mountains,2014-12,32.2,29.5
Nepean Blue Mountains,2015-01,24.7,20.9
Nepean Blue Mountains,2015-02,29.7,32.6
Nepean Blue Mountains,2015-03,36.0,29.2
Nepean Blue Mountains,2015-04,37.8,29.4
Nepean Blue Mountains,2015-05,40.4,42.9
Nepean Blue Mountains,2015-06,48.1,31.1
Nepean Blue Mountains,2015-07,38.8,29.8
Nepean Blue Mountains,2015-08,44.0,38.1
Nepean Blue Mountains,2015-09,25.7,29.3
Nepean Blue Mountains,2015-10,37.2,26.8
Nepean Blue Mountains,2015-11,25.9,25.7
Nepean Blue Mountains,2015-12,19.0,18.8
Nepean Blue Mountains,2016-01,26.3,20.5
Nepean Blue Mountains,2016-02,44.7,47.7
Nepean Blue Mountains,2016-03,33.8,28.7
Nepean Blue Mountains,2016-04,31.6,22.9
Nepean Blue Mountains,2016-05,45.8,29.5
Nepean Blue Mountains,2016-06,26.3,28.3
Nepean Blue Mountains,2016-07,38.0,30.4
Nepean Blue Mountains,2016-08,40.2,33.1
Nepean Blue Mountains,2016-09,36.5,30.2
Nepean Blue Mountains,2016-10,25.8,27.1
Nepean Blue Mountains,2016-11,30.4,24.9
Nepean Blue Mountains,2016-12,28.3,19.9
Nepean Blue Mountains,2017-01,23.7,14.8
Nepean Blue Mountains,2017-02,23.4,29.2
Nepean Blue Mountains,2017-03,39.8,32.8
Nepean Blue Mountains,2017-04,48.8,36.8
Nepean Blue Mountains,2017-05,58.1,47.5
Nepean Blue Mountains,2017-06,45.6,38.6
Nepean Blue Mountains,2017-07,47.9,29.2
Nepean Blue Mountains,2017-08,36.1,23.7
Nepean Blue Mountains,2017-09,31.8,22.7
Nepean Blue Mountains,2017-10,37.0,26.6
Nepean Blue Mountains,2017-11,31.9,26.9
Nepean Blue Mountains,2017-12,27.2,21.9
Nepean Blue Mountains,2018-01,21.3,10.6
Nepean Blue Mountains,2018-02,25.0,21.8
Nepean Blue Mountains,2018-03,43.7,30.7
Nepean Blue Mountains,2018-04,24.1,31.7
Nepean Blue Mountains,2018-05,34.4,42.4
Nepean Blue Mountains,2018-06,35.9,32.0
Nepean Blue Mountains,2018-07,30.7,25.9
Nepean Blue Mountains,2018-08,36.7,24.0
Nepean Blue Mountains,2018-09,33.8,24.1
Nepean Blue Mountains,2018-10,26.4,20.0
Nepean Blue Mountains,2018-11,31.8,20.8
Nepean Blue Mountains,2018-12,24.6,18.1
Nepean Blue Mountains,2019-01,23.0,23.4
Nepean Blue Mountains,2019-02,33.5,35.8
Nepean Blue Mountains,2019-03,37.7,38.5
Nepean Blue Mountains,2019-04,35.7,33.4
Nepean Blue Mountains,2019-05,47.6,34.9
Nepean Blue Mountains,2019-06,43.6,32.9
Nepean Blue Mountains,2019-07,36.6,29.9
Nepean Blue Mountains,2019-08,30.9,25.1
Nepean Blue Mountains,2019-09,33.9,23.2
Nepean Blue Mountains,2019-10,21.7,19.1
Nepean Blue Mountains,2019-11,37.1,16.9
Nepean Blue Mountains,2019-12,47.7,26.8
Nepean Blue Mountains,2020-01,24.4,20.6
Nepean Blue Mountains,2020-02,25.1,24.2
Nepean Blue Mountains,2020-03,40.5,37.8
Nepean Blue Mountains,2020-04,16.6,11.5
Nepean Blue Mountains,2020-05,12.6,15.4
Nepean Blue Mountains,2020-06,38.9,24.7
Nepean Blue Mountains,2020-07,16.6,21.6
Nepean Blue Mountains,2020-08,19.1,18.6
Nepean Blue Mountains,2020-09,18.3,14.7
Nepean Blue Mountains,2020-10,23.0,16.1
Nepean Blue Mountains,2020-11,20.2,22.2
Nepean Blue Mountains,2020-12,18.8,17.8
Nepean Blue Mountains,2021-01,9.7,11.8
Nepean Blue Mountains,2021-02,22.5,19.0
Nepean Blue Mountains,2021-03,32.4,16.6
Nepean Blue Mountains,2021-04,24.9,25.0
Nepean Blue Mountains,2021-05,32.1,31.6
Nepean Blue Mountains,2021-06,30.8,19.8
Nepean Blue Mountains,2021-07,24.8,13.0
Nepean Blue Mountains,2021-08,14.2,7.6
Nepean Blue Mountains,2021-09,10.2,7.4
Nepean Blue Mountains,2021-10,12.2,10.8
Nepean Blue Mountains,2021-11,10.6,19.4
Nepean Blue Mountains,2021-12,12.9,15.1
Nepean Blue Mountains,2022-01,20.3,7.1
Nepean Blue Mountains,2022-02,15.2,16.9
Nepean Blue Mountains,2022-03,36.2,32.1
Nepean Blue Mountains,2022-04,36.3,27.6
Nepean Blue Mountains,2022-05,48.0,52.3
Nepean Blue Mountains,2022-06,31.9,28.7
Nepean Blue Mountains,2022-07,22.7,18.7
Nepean Blue Mountains,2022-08,30.9,27.4
Nepean Blue Mountains,2022-09,31.9,23.3
Nepean Blue Mountains,2022-10,25.4,18.5
Nepean Blue Mountains,2022-11,19.4,20.8
Nepean Blue Mountains,2022-12,18.6,14.1
Nepean Blue Mountains,2023-01,15.0,10.9
Nepean Blue Mountains,2023-02,20.1,21.7
Nepean Blue Mountains,2023-03,16.3,23.6
Nepean Blue Mountains,2023-04,29.0,30.3
Nepean Blue Mountains,2023-05,33.0,25.0
Nepean Blue Mountains,2023-06,30.0,27.0
Northern NSW,2014-07,58.5,48.9
Northern NSW,2014-08,68.7,43.9
Northern NSW,2014-09,57.9,51.6
Northern NSW,2014-10,41.3,47.5
Northern NSW,2014-11,50.8,36.0
Northern NSW,2014-12,52.5,34.9
Northern NSW,2015-01,44.9,23.5
Northern NSW,2015-02,54.6,48.8
Northern NSW,2015-03,51.8,49.5
Northern NSW,2015-04,53.5,53.2
Northern NSW,2015-05,58.4,68.4
Northern NSW,2015-06,70.0,64.1
Northern NSW,2015-07,62.7,62.3
Northern NSW,2015-08,83.4,73.4
Northern NSW,2015-09,71.1,63.8
Northern NSW,2015-10,65.5,56.6
Northern NSW,2015-11,58.7,66.4
Northern NSW,2015-12,53.3,44.0
Northern NSW,2016-01,33.3,27.6
Northern NSW,2016-02,41.9,34.7
Northern NSW,2016-03,46.5,42.6
Northern NSW,2016-04,37.7,42.8
Northern NSW,2016-05,66.3,70.0
Northern NSW,2016-06,48.8,65.7
Northern NSW,2016-07,52.8,43.8
Northern NSW,2016-08,76.1,59.3
Northern NSW,2016-09,57.6,44.8
Northern NSW,2016-10,48.0,41.3
Northern NSW,2016-11,43.5,35.5
Northern NSW,2016-12,35.0,42.5
Northern NSW,2017-01,27.4,23.3
Northern NSW,2017-02,39.8,34.6
Northern NSW,2017-03,50.8,38.6
Northern NSW,2017-04,52.7,48.0
Northern NSW,2017-05,68.4,64.6
Northern NSW,2017-06,67.3,67.6
Northern NSW,2017-07,69.3,52.2
Northern NSW,2017-08,69.5,60.8
Northern NSW,2017-09,62.6,43.9
Northern NSW,2017-10,52.4,35.9
Northern NSW,2017-11,56.3,63.9
Northern NSW,2017-12,60.7,36.7
Northern NSW,2018-01,28.9,30.1
Northern NSW,2018-02,39.0,49.9
Northern NSW,2018-03,55.0,52.8
Northern NSW,2018-04,53.0,48.3
Northern NSW,2018-05,57.6,47.4
Northern NSW,2018-06,59.5,57.7
Northern NSW,2018-07,52.9,45.4
Northern NSW,2018-08,60.1,38.7
Northern NSW,2018-09,49.6,39.0
Northern NSW,2018-10,53.3,49.2
Northern NSW,2018-11,49.4,51.4
Northern NSW,2018-12,38.2,41.7
Northern NSW,2019-01,33.4,23.3
Northern NSW,2019-02,34.9,34.4
Northern NSW,2019-03,37.7,35.4
Northern NSW,2019-04,53.8,44.9
Northern NSW,2019-05,66.3,41.6
Northern NSW,2019-06,53.1,51.5
Northern NSW,2019-07,55.8,53.1
Northern NSW,2019-08,73.7,58.1
Northern NSW,2019-09,53.8,44.3
Northern NSW,2019-10,40.6,34.1
Northern NSW,2019-11,65.6,41.0
Northern NSW,2019-12,46.2,32.3
Northern NSW,2020-01,34.1,23.7
Northern NSW,2020-02,31.1,32.6
Northern NSW,2020-03,57.6,51.0
Northern NSW,2020-04,28.9,20.2
Northern NSW,2020-05,21.3,24.0
Northern NSW,2020-06,49.7,46.4
Northern NSW,2020-07,42.7,36.9
Northern NSW,2020-08,46.0,32.8
Northern NSW,2020-09,24.9,29.9
Northern NSW,2020-10,35.3,29.0
Northern NSW,2020-11,25.1,18.7
Northern NSW,2020-12,28.4,30.1
Northern NSW,2021-01,30.6,21.7
Northern NSW,2021-02,32.6,34.1
Northern NSW,2021-03,50.8,27.4
Northern NSW,2021-04,55.7,39.9
Northern NSW,2021-05,56.9,35.9
Northern NSW,2021-06,52.4,39.7
Northern NSW,2021-07,40.7,33.7
Northern NSW,2021-08,37.7,26.7
Northern NSW,2021-09,23.8,24.0
Northern NSW,2021-10,40.9,28.7
Northern NSW,2021-11,26.4,23.3
Northern NSW,2021-12,37.7,27.3
Northern NSW,2022-01,33.6,20.7
Northern NSW,2022-02,13.9,16.9
Northern NSW,2022-03,46.4,26.0
Northern NSW,2022-04,54.1,27.8
Northern NSW,2022-05,78.6,66.7
Northern NSW,2022-06,87.1,69.5
Northern NSW,2022-07,76.5,39.7
Northern NSW,2022-08,69.3,54.2
Northern NSW,2022-09,53.0,42.7
Northern NSW,2022-10,49.8,48.8
Northern NSW,2022-11,45.1,44.2
Northern NSW,2022-12,32.3,21.9
Northern NSW,2023-01,20.2,15.5
Northern NSW,2023-02,22.4,24.6
Northern NSW,2023-03,29.3,26.4
Northern NSW,2023-04,34.3,33.2
Northern NSW,2023-05,60.5,49.4
Northern NSW,2023-06,59.6,50.0
Northern Sydney,2014-07,18.2,24.6
Northern Sydney,2014-08,21.3,24.0
Northern Sydney,2014-09,18.0,18.3
Northern Sydney,2014-10,14.9,17.8
Northern Sydney,2014-11,11.7,17.6
Northern Sydney,2014-12,14.8,22.3
Northern Sydney,2015-01,10.7,13.5
Northern Sydney,2015-02,19.5,29.5
Northern Sydney,2015-03,29.6,33.5
Northern Sydney,2015-04,23.6,29.5
Northern Sydney,2015-05,23.2,29.5
Northern Sydney,2015-06,15.4,21.8
Northern Sydney,2015-07,15.7,18.0
Northern Sydney,2015-08,18.3,22.3
Northern Sydney,2015-09,14.1,16.9
Northern Sydney,2015-10,15.8,19.0
Northern Sydney,2015-11,15.1,22.9
Northern Sydney,2015-12,16.4,19.1
Northern Sydney,2016-01,13.5,15.5
Northern Sydney,2016-02,20.9,28.9
Northern Sydney,2016-03,20.1,28.7
Northern Sydney,2016-04,14.0,20.5
Northern Sydney,2016-05,25.9,27.4
Northern Sydney,2016-06,21.0,23.8
Northern Sydney,2016-07,17.5,16.2
Northern Sydney,2016-08,19.1,18.6
Northern Sydney,2016-09,17.1,23.9
Northern Sydney,2016-10,14.4,13.8
Northern Sydney,2016-11,13.7,18.4
Northern Sydney,2016-12,17.0,18.5
Northern Sydney,2017-01,13.6,9.7
Northern Sydney,2017-02,14.4,24.1
Northern Sydney,2017-03,17.5,24.7
Northern Sydney,2017-04,21.6,22.3
Northern Sydney,2017-05,30.8,29.7
Northern Sydney,2017-06,18.3,22.8
Northern Sydney,2017-07,19.2,21.0
Northern Sydney,2017-08,18.6,17.5
Northern Sydney,2017-09,15.3,13.1
Northern Sydney,2017-10,12.8,19.8
Northern Sydney,2017-11,20.2,19.8
Northern Sydney,2017-12,15.1,14.3
Northern Sydney,2018-01,12.2,13.9
Northern Sydney,2018-02,16.4,25.1
Northern Sydney,2018-03,17.4,23.1
Northern Sydney,2018-04,12.1,12.9
Northern Sydney,2018-05,20.9,21.5
Northern Sydney,2018-06,15.0,15.0
Northern Sydney,2018-07,12.1,13.4
Northern Sydney,2018-08,11.5,12.1
Northern Sydney,2018-09,14.3,15.8
Northern Sydney,2018-10,14.2,16.8
Northern Sydney,2018-11,14.6,13.3
Northern Sydney,2018-12,11.0,17.4
Northern Sydney,2019-01,11.7,12.3
Northern Sydney,2019-02,20.9,25.3
Northern Sydney,2019-03,18.5,23.2
Northern Sydney,2019-04,20.0,25.1
Northern Sydney,2019-05,21.6,26.5
Northern Sydney,2019-06,24.4,22.1
Northern Sydney,2019-07,14.5,12.5
Northern Sydney,2019-08,14.7,21.2
Northern Sydney,2019-09,14.1,15.3
Northern Sydney,2019-10,14.7,14.8
Northern Sydney,2019-11,20.2,17.5
Northern Sydney,2019-12,24.9,20.4
Northern Sydney,2020-01,12.9,13.5
Northern Sydney,2020-02,15.7,18.9
Northern Sydney,2020-03,18.8,20.2
Northern Sydney,2020-04,6.0,5.8
Northern Sydney,2020-05,5.4,8.0
Northern Sydney,2020-06,7.4,15.9
Northern Sydney,2020-07,10.8,8.7
Northern Sydney,2020-08,11.0,12.9
Northern Sydney,2020-09,7.7,6.9
Northern Sydney,2020-10,8.2,10.9
Northern Sydney,2020-11,10.4,14.6
Northern Sydney,2020-12,9.2,11.6
Northern Sydney,2021-01,7.1,3.9
Northern Sydney,2021-02,13.1,14.8
Northern Sydney,2021-03,7.7,12.0
Northern Sydney,2021-04,14.2,17.1
Northern Sydney,2021-05,15.7,18.8
Northern Sydney,2021-06,15.0,14.8
Northern Sydney,2021-07,7.2,8.1
Northern Sydney,2021-08,7.7,5.5
Northern Sydney,2021-09,4.6,2.8
Northern Sydney,2021-10,6.4,5.6
Northern Sydney,2021-11,5.6,9.1
Northern Sydney,2021-12,7.2,4.5
Northern Sydney,2022-01,6.2,4.2
Northern Sydney,2022-02,7.4,11.0
Northern Sydney,2022-03,13.2,15.0
Northern Sydney,2022-04,16.1,19.3
Northern Sydney,2022-05,24.2,30.3
Northern Sydney,2022-06,12.8,14.8
Northern Sydney,2022-07,12.5,9.4
Northern Sydney,2022-08,17.4,18.4
Northern Sydney,2022-09,16.9,15.4
Northern Sydney,2022-10,11.4,15.9
Northern Sydney,2022-11,12.0,9.5
Northern Sydney,2022-12,11.8,10.4
Northern Sydney,2023-01,9.0,8.9
Northern Sydney,2023-02,12.6,19.2
Northern Sydney,2023-03,9.1,17.8
Northern Sydney,2023-04,9.8,11.7
Northern Sydney,2023-05,15.9,14.8
Northern Sydney,2023-06,8.7,12.4
South Eastern Sydney,2014-07,24.7,19.8
South Eastern Sydney,2014-08,27.6,21.5
South Eastern Sydney,2014-09,22.6,18.3
South Eastern Sydney,2014-10,15.9,20.1
South Eastern Sydney,2014-11,21.1,21.1
South Eastern Sydney,2014-12,24.0,30.8
South Eastern Sydney,2015-01,12.2,13.7
South Eastern Sydney,2015-02,20.3,30.7
South Eastern Sydney,2015-03,26.2,36.8
South Eastern Sydney,2015-04,24.5,26.0
South Eastern Sydney,2015-05,28.8,37.9
South Eastern Sydney,2015-06,31.0,30.8
South Eastern Sydney,2015-07,26.7,28.0
South Eastern Sydney,2015-08,24.4,24.5
South Eastern Sydney,2015-09,15.8,19.5
South Eastern Sydney,2015-10,17.0,20.1
South Eastern Sydney,2015-11,19.4,26.9
South Eastern Sydney,2015-12,13.0,16.9
South Eastern Sydney,2016-01,16.7,14.3
South Eastern Sydney,2016-02,26.5,26.0
South Eastern Sydney,2016-03,21.8,25.5
South Eastern Sydney,2016-04,21.6,21.6
South Eastern Sydney,2016-05,26.5,27.0
South Eastern Sydney,2016-06,23.2,23.6
South Eastern Sydney,2016-07,16.3,19.0
South Eastern Sydney,2016-08,23.6,23.4
South Eastern Sydney,2016-09,21.8,18.8
South Eastern Sydney,2016-10,15.9,15.7
South Eastern Sydney,2016-11,16.1,19.2
South Eastern Sydney,2016-12,17.4,20.4
South Eastern Sydney,2017-01,13.6,13.8
South Eastern Sydney,2017-02,20.7,31.7
South Eastern Sydney,2017-03,24.0,28.3
South Eastern Sydney,2017-04,22.6,27.8
South Eastern Sydney,2017-05,32.1,31.3
South Eastern Sydney,2017-06,25.3,19.1
South Eastern Sydney,2017-07,23.7,17.8
South Eastern Sydney,2017-08,22.5,17.3
South Eastern Sydney,2017-09,15.8,17.6
South Eastern Sydney,2017-10,16.2,18.5
South Eastern Sydney,2017-11,14.5,16.3
South Eastern Sydney,2017-12,14.2,18.3
South Eastern Sydney,2018-01,11.4,14.9
South Eastern Sydney,2018-02,20.0,24.4
South Eastern Sydney,2018-03,15.2,24.3
South Eastern Sydney,2018-04,20.9,20.4
South Eastern Sydney,2018-05,24.4,23.7
South Eastern Sydney,2018-06,17.5,21.3
South Eastern Sydney,2018-07,24.4,17.2
South Eastern Sydney,2018-08,19.7,16.4
South Eastern Sydney,2018-09,17.4,16.0
South Eastern Sydney,2018-10,15.7,21.5
South Eastern Sydney,2018-11,19.2,22.9
South Eastern Sydney,2018-12,17.8,15.4
South Eastern Sydney,2019-01,12.9,14.3
South Eastern Sydney,2019-02,19.9,25.7
South Eastern Sydney,2019-03,23.0,22.0
South Eastern Sydney,2019-04,22.8,21.8
South Eastern Sydney,2019-05,24.3,24.5
South Eastern Sydney,2019-06,23.7,20.3
South Eastern Sydney,2019-07,21.9,19.4
South Eastern Sydney,2019-08,24.5,23.3
South Eastern Sydney,2019-09,19.2,19.1
South Eastern Sydney,2019-10,14.1,10.3
South Eastern Sydney,2019-11,23.4,21.8
South Eastern Sydney,2019-12,29.7,24.7
South Eastern Sydney,2020-01,17.8,12.9
South Eastern Sydney,2020-02,19.8,18.4
South Eastern Sydney,2020-03,21.5,23.4
South Eastern Sydney,2020-04,9.2,8.3
South Eastern Sydney,2020-05,10.1,7.3
South Eastern Sydney,2020-06,20.0,17.2
South Eastern Sydney,2020-07,12.2,11.5
South Eastern Sydney,2020-08,11.4,14.5
South Eastern Sydney,2020-09,12.2,10.9
South Eastern Sydney,2020-10,11.0,11.1
South Eastern Sydney,2020-11,14.6,16.0
South Eastern Sydney,2020-12,12.1,12.9
South Eastern Sydney,2021-01,8.9,9.6
South Eastern Sydney,2021-02,18.7,14.4
South Eastern Sydney,2021-03,15.5,18.9
South Eastern Sydney,2021-04,17.0,19.4
South Eastern Sydney,2021-05,23.7,19.8
South Eastern Sydney,2021-06,22.2,16.4
South Eastern Sydney,2021-07,10.6,9.7
South Eastern Sydney,2021-08,8.5,7.8
South Eastern Sydney,2021-09,6.6,4.2
South Eastern Sydney,2021-10,8.5,3.8
South Eastern Sydney,2021-11,8.6,8.6
South Eastern Sydney,2021-12,10.5,10.8
South Eastern Sydney,2022-01,9.7,7.0
South Eastern Sydney,2022-02,9.4,10.1
South Eastern Sydney,2022-03,20.4,22.8
South Eastern Sydney,2022-04,26.8,24.2
South Eastern Sydney,2022-05,30.7,31.9
South Eastern Sydney,2022-06,28.8,16.5
South Eastern Sydney,2022-07,16.4,14.0
South Eastern Sydney,2022-08,29.7,20.2
South Eastern Sydney,2022-09,20.7,18.6
South Eastern Sydney,2022-10,17.8,14.9
South Eastern Sydney,2022-11,15.7,15.0
South Eastern Sydney,2022-12,12.8,12.9
South Eastern Sydney,2023-01,11.3,5.9
South Eastern Sydney,2023-02,19.6,21.8
South Eastern Sydney,2023-03,15.9,17.8
South Eastern Sydney,2023-04,22.3,16.6
South Eastern Sydney,2023-05,23.6,19.3
South Eastern Sydney,2023-06,12.5,13.8
South Western Sydney,2014-07,28.1,27.4
South Western Sydney,2014-08,32.2,25.3
South Western Sydney,2014-09,23.7,25.9
South Western Sydney,2014-10,24.0,24.3
South Western Sydney,2014-11,19.9,22.9
South Western Sydney,2014-12,23.8,25.0
South Western Sydney,2015-01,17.6,23.0
South Western Sydney,2015-02,28.6,38.3
South Western Sydney,2015-03,32.6,39.2
South Western Sydney,2015-04,29.4,29.8
South Western Sydney,2015-05,44.9,38.4
South Western Sydney,2015-06,34.9,42.6
South Western Sydney,2015-07,29.7,28.5
South Western Sydney,2015-08,31.3,30.1
South Western Sydney,2015-09,29.7,26.7
South Western Sydney,2015-10,22.5,31.2
South Western Sydney,2015-11,23.4,29.5
South Western Sydney,2015-12,20.8,20.7
South Western Sydney,2016-01,19.2,20.7
South Western Sydney,2016-02,32.1,39.5
South Western Sydney,2016-03,35.9,34.8
South Western Sydney,2016-04,23.4,28.2
South Western Sydney,2016-05,32.0,40.8
South Western Sydney,2016-06,33.0,33.0
South Western Sydney,2016-07,24.5,22.7
South Western Sydney,2016-08,27.8,25.1
South Western Sydney,2016-09,28.6,27.0
South Western Sydney,2016-10,22.4,22.1
South Western Sydney,2016-11,23.3,22.1
South Western Sydney,2016-12,23.8,22.4
South Western Sydney,2017-01,16.5,15.4
South Western Sydney,2017-02,28.3,27.7
South Western Sydney,2017-03,28.1,27.0
South Western Sydney,2017-04,31.8,31.6
South Western Sydney,2017-05,37.5,42.2
South Western Sydney,2017-06,36.9,34.6
South Western Sydney,2017-07,28.2,29.7
South Western Sydney,2017-08,25.0,19.1
South Western Sydney,2017-09,23.6,17.4
South Western Sydney,2017-10,21.2,19.7
South Western Sydney,2017-11,19.4,22.8
South Western Sydney,2017-12,15.2,16.4
South Western Sydney,2018-01,16.5,14.1
South Western Sydney,2018-02,23.3,27.3
South Western Sydney,2018-03,28.5,27.3
South Western Sydney,2018-04,24.3,23.3
South Western Sydney,2018-05,37.2,37.4
South Western Sydney,2018-06,28.5,24.8
South Western Sydney,2018-07,24.5,21.2
South Western Sydney,2018-08,23.0,22.9
South Western Sydney,2018-09,24.0,21.7
South Western Sydney,2018-10,18.9,23.4
South Western Sydney,2018-11,22.2,22.2
South Western Sydney,2018-12,20.7,19.4
South Western Sydney,2019-01,15.3,18.1
South Western Sydney,2019-02,32.9,32.6
South Western Sydney,2019-03,27.1,29.2
South Western Sydney,2019-04,27.7,30.7
South Western Sydney,2019-05,36.3,38.0
South Western Sydney,2019-06,32.3,30.2
South Western Sydney,2019-07,24.8,21.3
South Western Sydney,2019-08,24.8,24.7
South Western Sydney,2019-09,24.8,20.0
South Western Sydney,2019-10,19.2,18.7
South Western Sydney,2019-11,26.6,23.4
South Western Sydney,2019-12,31.1,23.8
South Western Sydney,2020-01,23.1,16.7
South Western Sydney,2020-02,22.3,26.5
South Western Sydney,2020-03,28.3,28.0
South Western Sydney,2020-04,13.6,7.1
South Western Sydney,2020-05,9.3,9.5
South Western Sydney,2020-06,19.7,20.1
South Western Sydney,2020-07,15.8,14.5
South Western Sydney,2020-08,17.8,23.4
South Western Sydney,2020-09,13.6,16.7
South Western Sydney,2020-10,17.3,11.2
South Western Sydney,2020-11,14.1,19.3
South Western Sydney,2020-12,13.6,13.8
South Western Sydney,2021-01,11.3,8.9
South Western Sydney,2021-02,16.7,16.5
South Western Sydney,2021-03,23.0,19.0
South Western Sydney,2021-04,22.0,23.3
South Western Sydney,2021-05,31.0,26.9
South Western Sydney,2021-06,23.8,17.5
South Western Sydney,2021-07,14.8,10.7
South Western Sydney,2021-08,8.8,4.2
South Western Sydney,2021-09,6.8,5.3
South Western Sydney,2021-10,5.9,7.9
South Western Sydney,2021-11,16.0,17.1
South Western Sydney,2021-12,10.8,12.0
South Western Sydney,2022-01,9.6,7.3
South Western Sydney,2022-02,18.6,20.4
South Western Sydney,2022-03,30.6,28.8
South Western Sydney,2022-04,30.1,28.0
South Western Sydney,2022-05,39.5,42.8
South Western Sydney,2022-06,26.9,24.8
South Western Sydney,2022-07,27.1,16.4
South Western Sydney,2022-08,25.0,33.3
South Western Sydney,2022-09,21.2,21.1
South Western Sydney,2022-10,19.6,20.6
South Western Sydney,2022-11,17.2,16.4
South Western Sydney,2022-12,14.1,13.7
South Western Sydney,2023-01,11.7,14.3
South Western Sydney,2023-02,21.0,25.4
South Western Sydney,2023-03,22.0,19.5
South Western Sydney,2023-04,26.5,20.1
South Western Sydney,2023-05,25.5,29.0
South Western Sydney,2023-06,18.9,18.4
Southern NSW,2014-07,36.2,26.1
Southern NSW,2014-08,55.6,36.6
Southern NSW,2014-09,34.6,31.8
Southern NSW,2014-10,29.5,29.5
Southern NSW,2014-11,43.3,46.0
Southern NSW,2014-12,20.1,28.6
Southern NSW,2015-01,12.5,24.8
Southern NSW,2015-02,38.6,18.5
Southern NSW,2015-03,29.7,42.9
Southern NSW,2015-04,39.1,27.1
Southern NSW,2015-05,41.2,47.7
Southern NSW,2015-06,47.7,43.5
Southern NSW,2015-07,42.8,17.6
Southern NSW,2015-08,57.6,51.7
Southern NSW,2015-09,40.0,30.5
Southern NSW,2015-10,34.5,22.8
Southern NSW,2015-11,30.3,37.4
Southern NSW,2015-12,27.9,41.6
Southern NSW,2016-01,26.1,21.3
Southern NSW,2016-02,35.7,40.1
Southern NSW,2016-03,41.1,35.2
Southern NSW,2016-04,40.9,26.6
Southern NSW,2016-05,48.8,52.7
Southern NSW,2016-06,39.2,36.8
Southern NSW,2016-07,47.6,31.2
Southern NSW,2016-08,55.8,34.2
Southern NSW,2016-09,29.8,32.4
Southern NSW,2016-10,23.2,25.2
Southern NSW,2016-11,34.5,42.6
Southern NSW,2016-12,35.6,48.1
Southern NSW,2017-01,34.3,30.9
Southern NSW,2017-02,32.2,43.9
Southern NSW,2017-03,29.7,36.0
Southern NSW,2017-04,47.6,43.1
Southern NSW,2017-05,52.5,49.4
Southern NSW,2017-06,53.2,36.1
Southern NSW,2017-07,42.2,36.8
Southern NSW,2017-08,49.3,28.4
Southern NSW,2017-09,33.5,21.9
Southern NSW,2017-10,35.0,31.4
Southern NSW,2017-11,31.8,39.3
Southern NSW,2017-12,31.7,32.3
Southern NSW,2018-01,28.8,19.3
Southern NSW,2018-02,33.4,46.8
Southern NSW,2018-03,54.2,45.6
Southern NSW,2018-04,33.0,34.6
Southern NSW,2018-05,28.2,40.1
Southern NSW,2018-06,43.0,47.2
Southern NSW,2018-07,54.0,46.2
Southern NSW,2018-08,40.0,28.2
Southern NSW,2018-09,41.7,27.3
Southern NSW,2018-10,32.2,31.1
Southern NSW,2018-11,42.3,39.6
Southern NSW,2018-12,48.8,29.0
Southern NSW,2019-01,31.9,30.0
Southern NSW,2019-02,41.5,33.0
Southern NSW,2019-03,56.2,32.8
Southern NSW,2019-04,56.6,38.8
Southern NSW,2019-05,65.6,44.5
Southern NSW,2019-06,48.8,46.4
Southern NSW,2019-07,52.6,46.5
Southern NSW,2019-08,50.2,26.5
Southern NSW,2019-09,35.5,32.8
Southern NSW,2019-10,38.8,27.4
Southern NSW,2019-11,43.5,42.9
Southern NSW,2019-12,61.0,36.6
Southern NSW,2020-01,76.0,36.3
Southern NSW,2020-02,26.9,27.0
Southern NSW,2020-03,39.0,41.1
Southern NSW,2020-04,10.6,13.1
Southern NSW,2020-05,18.4,13.0
Southern NSW,2020-06,39.3,26.7
Southern NSW,2020-07,18.2,20.1
Southern NSW,2020-08,25.8,19.1
Southern NSW,2020-09,29.7,15.4
Southern NSW,2020-10,41.5,33.9
Southern NSW,2020-11,38.9,35.5
Southern NSW,2020-12,30.7,22.4
Southern NSW,2021-01,19.4,15.4
Southern NSW,2021-02,22.7,18.4
Southern NSW,2021-03,31.3,45.7
Southern NSW,2021-04,35.4,28.9
Southern NSW,2021-05,43.2,38.9
Southern NSW,2021-06,37.9,37.6
Southern NSW,2021-07,41.8,24.9
Southern NSW,2021-08,53.0,25.9
Southern NSW,2021-09,16.7,5.0
Southern NSW,2021-10,20.4,14.3
Southern NSW,2021-11,16.4,26.0
Southern NSW,2021-12,22.4,34.3
Southern NSW,2022-01,18.3,11.8
Southern NSW,2022-02,21.1,20.4
Southern NSW,2022-03,40.9,30.3
Southern NSW,2022-04,37.2,23.0
Southern NSW,2022-05,47.0,42.5
Southern NSW,2022-06,56.8,53.5
Southern NSW,2022-07,37.9,32.6
Southern NSW,2022-08,42.3,34.8
Southern NSW,2022-09,42.4,37.6
Southern NSW,2022-10,65.2,39.7
Southern NSW,2022-11,48.8,49.0
Southern NSW,2022-12,28.6,37.1
Southern NSW,2023-01,18.3,16.6
Southern NSW,2023-02,20.4,34.0
Southern NSW,2023-03,30.3,27.1
Southern NSW,2023-04,36.0,33.9
Southern NSW,2023-05,40.2,35.5
Southern NSW,2023-06,29.7,40.7
Sydney,2014-07,25.9,22.6
Sydney,2014-08,22.0,28.9
Sydney,2014-09,20.5,15.7
Sydney,2014-10,21.1,19.2
Sydney,2014-11,21.7,19.7
Sydney,2014-12,18.0,24.9
Sydney,2015-01,10.9,15.1
Sydney,2015-02,26.4,27.8
Sydney,2015-03,25.6,29.5
Sydney,2015-04,17.6,24.7
Sydney,2015-05,25.2,27.6
Sydney,2015-06,26.7,26.5
Sydney,2015-07,30.5,27.2
Sydney,2015-08,22.1,28.4
Sydney,2015-09,18.3,17.9
Sydney,2015-10,19.6,21.7
Sydney,2015-11,17.2,19.5
Sydney,2015-12,14.3,15.0
Sydney,2016-01,15.0,14.6
Sydney,2016-02,19.3,35.2
Sydney,2016-03,20.1,29.5
Sydney,2016-04,21.9,21.1
Sydney,2016-05,28.3,28.3
Sydney,2016-06,23.3,28.1
Sydney,2016-07,23.6,24.0
Sydney,2016-08,23.6,20.0
Sydney,2016-09,21.2,19.2
Sydney,2016-10,17.6,18.7
Sydney,2016-11,11.4,16.3
Sydney,2016-12,15.2,16.0
Sydney,2017-01,12.2,12.6
Sydney,2017-02,22.0,22.2
Sydney,2017-03,27.3,26.7
Sydney,2017-04,25.3,26.6
Sydney,2017-05,30.8,36.0
Sydney,2017-06,24.5,24.5
Sydney,2017-07,18.9,16.7
Sydney,2017-08,17.0,16.8
Sydney,2017-09,15.7,16.5
Sydney,2017-10,10.6,19.1
Sydney,2017-11,16.3,14.1
Sydney,2017-12,12.1,18.6
Sydney,2018-01,13.1,10.3
Sydney,2018-02,18.7,22.5
Sydney,2018-03,14.3,21.2
Sydney,2018-04,20.2,18.0
Sydney,2018-05,32.0,34.3
Sydney,2018-06,19.5,21.3
Sydney,2018-07,15.1,12.6
Sydney,2018-08,16.0,17.2
Sydney,2018-09,14.1,24.4
Sydney,2018-10,24.7,16.3
Sydney,2018-11,17.1,19.8
Sydney,2018-12,16.6,11.8
Sydney,2019-01,15.5,14.8
Sydney,2019-02,22.0,30.2
Sydney,2019-03,18.1,24.5
Sydney,2019-04,20.5,22.8
Sydney,2019-05,28.2,26.4
Sydney,2019-06,24.8,23.5
Sydney,2019-07,17.2,15.6
Sydney,2019-08,17.2,17.2
Sydney,2019-09,14.6,20.3
Sydney,2019-10,15.0,14.4
Sydney,2019-11,24.5,20.4
Sydney,2019-12,22.3,22.5
Sydney,2020-01,13.3,13.5
Sydney,2020-02,16.4,23.5
Sydney,2020-03,23.7,24.5
Sydney,2020-04,9.5,5.9
Sydney,2020-05,8.1,6.2
Sydney,2020-06,17.6,19.1
Sydney,2020-07,14.9,11.5
Sydney,2020-08,17.0,20.2
Sydney,2020-09,13.3,11.1
Sydney,2020-10,10.9,15.2
Sydney,2020-11,16.5,15.3
Sydney,2020-12,10.0,15.4
Sydney,2021-01,8.0,8.4
Sydney,2021-02,15.7,15.9
Sydney,2021-03,19.5,19.7
Sydney,2021-04,14.4,18.7
Sydney,2021-05,26.0,23.6
Sydney,2021-06,19.2,18.5
Sydney,2021-07,8.9,8.2
Sydney,2021-08,5.9,5.6
Sydney,2021-09,8.3,3.0
Sydney,2021-10,7.2,6.5
Sydney,2021-11,9.7,8.2
Sydney,2021-12,8.8,9.1
Sydney,2022-01,7.0,11.2
Sydney,2022-02,8.1,11.2
Sydney,2022-03,19.2,24.4
Sydney,2022-04,23.1,24.2
Sydney,2022-05,28.9,28.4
Sydney,2022-06,20.9,17.0
Sydney,2022-07,14.6,16.5
Sydney,2022-08,21.3,27.1
Sydney,2022-09,18.9,18.9
Sydney,2022-10,16.5,15.5
Sydney,2022-11,17.2,13.9
Sydney,2022-12,13.6,11.1
Sydney,2023-01,9.6,9.5
Sydney,2023-02,18.1,15.3
Sydney,2023-03,14.9,12.6
Sydney,2023-04,19.4,18.6
Sydney,2023-05,25.1,19.9
Sydney,2023-06,16.9,14.4
Western NSW,2014-07,44.4,28.2
Western NSW,2014-08,44.2,33.3
Western NSW,2014-09,51.9,29.1
Western NSW,2014-10,36.7,36.4
Western NSW,2014-11,32.9,43.4
Western NSW,2014-12,26.7,21.3
Western NSW,2015-01,20.5,18.4
Western NSW,2015-02,31.2,30.8
Western NSW,2015-03,37.1,29.3
Western NSW,2015-04,39.7,22.8
Western NSW,2015-05,47.8,48.6
Western NSW,2015-06,46.0,35.1
Western NSW,2015-07,46.9,44.8
Western NSW,2015-08,60.5,45.1
Western NSW,2015-09,55.4,38.3
Western NSW,2015-10,50.8,66.9
Western NSW,2015-11,39.2,58.2
Western NSW,2015-12,41.2,36.1
Western NSW,2016-01,30.3,28.2
Western NSW,2016-02,54.0,55.5
Western NSW,2016-03,47.4,44.4
Western NSW,2016-04,29.5,45.1
Western NSW,2016-05,50.5,59.9
Western NSW,2016-06,57.9,39.5
Western NSW,2016-07,72.4,40.2
Western NSW,2016-08,81.2,54.1
Western NSW,2016-09,68.8,41.5
Western NSW,2016-10,78.4,88.7
Western NSW,2016-11,64.6,90.3
Western NSW,2016-12,47.3,42.8
Western NSW,2017-01,32.3,25.5
Western NSW,2017-02,41.1,40.0
Western NSW,2017-03,42.3,48.5
Western NSW,2017-04,50.8,43.9
Western NSW,2017-05,79.9,71.5
Western NSW,2017-06,69.4,59.3
Western NSW,2017-07,50.3,51.0
Western NSW,2017-08,74.7,54.8
Western NSW,2017-09,73.0,51.9
Western NSW,2017-10,43.3,40.1
Western NSW,2017-11,44.7,47.9
Western NSW,2017-12,45.3,34.9
Western NSW,2018-01,27.1,17.2
Western NSW,2018-02,40.0,33.0
Western NSW,2018-03,38.1,38.4
Western NSW,2018-04,38.7,37.9
Western NSW,2018-05,50.9,47.3
Western NSW,2018-06,52.9,42.4
Western NSW,2018-07,55.3,41.3
Western NSW,2018-08,58.5,46.0
Western NSW,2018-09,46.1,42.7
Western NSW,2018-10,63.1,37.8
Western NSW,2018-11,61.4,46.4
Western NSW,2018-12,50.4,28.4
Western NSW,2019-01,28.1,22.7
Western NSW,2019-02,42.8,38.0
Western NSW,2019-03,32.7,48.2
Western NSW,2019-04,44.2,38.3
Western NSW,2019-05,66.1,52.8
Western NSW,2019-06,60.6,51.4
Western NSW,2019-07,58.3,51.3
Western NSW,2019-08,69.4,52.0
Western NSW,2019-09,57.3,45.8
Western NSW,2019-10,51.2,25.5
Western NSW,2019-11,55.1,44.3
Western NSW,2019-12,79.6,59.4
Western NSW,2020-01,43.7,22.4
Western NSW,2020-02,37.0,36.4
Western NSW,2020-03,48.7,43.1
Western NSW,2020-04,24.8,14.4
Western NSW,2020-05,24.6,18.2
Western NSW,2020-06,37.9,30.4
Western NSW,2020-07,41.0,26.4
Western NSW,2020-08,35.5,29.3
Western NSW,2020-09,30.6,29.0
Western NSW,2020-10,58.1,60.7
Western NSW,2020-11,59.0,86.5
Western NSW,2020-12,45.1,34.3
Western NSW,2021-01,29.1,20.9
Western NSW,2021-02,37.7,27.3
Western NSW,2021-03,38.9,48.6
Western NSW,2021-04,53.1,42.5
Western NSW,2021-05,81.5,72.8
Western NSW,2021-06,69.9,43.0
Western NSW,2021-07,45.6,35.9
Western NSW,2021-08,56.7,27.3
Western NSW,2021-09,29.0,15.8
Western NSW,2021-10,36.6,41.3
Western NSW,2021-11,66.7,60.0
Western NSW,2021-12,35.2,46.2
Western NSW,2022-01,32.1,19.7
Western NSW,2022-02,31.1,16.9
Western NSW,2022-03,55.4,48.7
Western NSW,2022-04,48.1,47.6
Western NSW,2022-05,83.3,74.9
Western NSW,2022-06,97.7,68.3
Western NSW,2022-07,66.2,47.6
Western NSW,2022-08,58.2,45.9
Western NSW,2022-09,56.7,75.2
Western NSW,2022-10,61.3,71.7
Western NSW,2022-11,58.0,72.0
Western NSW,2022-12,46.6,41.0
Western NSW,2023-01,32.0,23.7
Western NSW,2023-02,41.4,27.1
Western NSW,2023-03,43.3,51.0
Western NSW,2023-04,43.9,32.4
Western NSW,2023-05,57.7,50.0
Western NSW,2023-06,55.6,38.1
Western Sydney,2014-07,35.0,28.9
Western Sydney,2014-08,27.0,29.5
Western Sydney,2014-09,21.4,23.6
Western Sydney,2014-10,21.3,23.1
Western Sydney,2014-11,21.0,21.1
Western Sydney,2014-12,19.7,28.0
Western Sydney,2015-01,17.9,13.2
Western Sydney,2015-02,26.3,28.5
Western Sydney,2015-03,29.2,28.1
Western Sydney,2015-04,25.1,30.4
Western Sydney,2015-05,33.6,35.1
Western Sydney,2015-06,27.6,29.6
Western Sydney,2015-07,30.2,25.8
Western Sydney,2015-08,29.0,30.0
Western Sydney,2015-09,23.4,24.1
Western Sydney,2015-10,21.9,24.3
Western Sydney,2015-11,21.8,22.5
Western Sydney,2015-12,19.5,16.0
Western Sydney,2016-01,17.4,18.5
Western Sydney,2016-02,28.4,36.4
Western Sydney,2016-03,26.0,25.3
Western Sydney,2016-04,26.7,27.6
Western Sydney,2016-05,31.1,34.0
Western Sydney,2016-06,28.4,26.2
Western Sydney,2016-07,23.6,21.8
Western Sydney,2016-08,30.1,30.7
Western Sydney,2016-09,27.8,26.0
Western Sydney,2016-10,18.4,24.3
Western Sydney,2016-11,17.5,20.3
Western Sydney,2016-12,17.7,20.5
Western Sydney,2017-01,16.3,12.3
Western Sydney,2017-02,22.9,30.3
Western Sydney,2017-03,23.9,28.7
Western Sydney,2017-04,28.3,25.4
Western Sydney,2017-05,36.9,33.6
Western Sydney,2017-06,32.8,31.5
Western Sydney,2017-07,29.6,21.6
Western Sydney,2017-08,26.2,22.1
Western Sydney,2017-09,24.5,20.1
Western Sydney,2017-10,18.2,18.4
Western Sydney,2017-11,18.6,25.6
Western Sydney,2017-12,18.8,19.5
Western Sydney,2018-01,17.6,13.3
Western Sydney,2018-02,21.7,27.5
Western Sydney,2018-03,21.0,26.7
Western Sydney,2018-04,22.6,15.9
Western Sydney,2018-05,27.9,29.8
Western Sydney,2018-06,23.2,21.6
Western Sydney,2018-07,23.2,14.7
Western Sydney,2018-08,19.4,17.2
Western Sydney,2018-09,21.4,20.8
Western Sydney,2018-10,18.3,16.0
Western Sydney,2018-11,20.6,16.9
Western Sydney,2018-12,18.0,17.1
Western Sydney,2019-01,19.1,15.5
Western Sydney,2019-02,20.3,26.1
Western Sydney,2019-03,28.1,28.6
Western Sydney,2019-04,23.8,28.4
Western Sydney,2019-05,32.2,30.6
Western Sydney,2019-06,32.9,24.2
Western Sydney,2019-07,22.7,13.9
Western Sydney,2019-08,29.3,20.3
Western Sydney,2019-09,22.5,19.3
Western Sydney,2019-10,21.1,19.0
Western Sydney,2019-11,23.7,19.1
Western Sydney,2019-12,27.2,19.5
Western Sydney,2020-01,16.1,13.1
Western Sydney,2020-02,18.8,22.0
Western Sydney,2020-03,22.0,22.8
Western Sydney,2020-04,11.7,7.9
Western Sydney,2020-05,8.8,5.9
Western Sydney,2020-06,20.2,19.7
Western Sydney,2020-07,14.5,15.7
Western Sydney,2020-08,14.1,18.2
Western Sydney,2020-09,14.8,12.1
Western Sydney,2020-10,10.1,11.3
Western Sydney,2020-11,15.0,18.3
Western Sydney,2020-12,11.5,7.8
Western Sydney,2021-01,7.6,6.7
Western Sydney,2021-02,16.0,18.2
Western Sydney,2021-03,17.0,19.8
Western Sydney,2021-04,17.7,15.3
Western Sydney,2021-05,23.0,26.6
Western Sydney,2021-06,22.8,18.0
Western Sydney,2021-07,10.5,9.3
Western Sydney,2021-08,8.1,6.3
Western Sydney,2021-09,5.2,5.4
Western Sydney,2021-10,8.7,6.5
Western Sydney,2021-11,12.2,11.6
Western Sydney,2021-12,10.4,7.9
Western Sydney,2022-01,10.9,6.7
Western Sydney,2022-02,14.0,14.9
Western Sydney,2022-03,21.7,27.5
Western Sydney,2022-04,31.6,30.5
Western Sydney,2022-05,32.4,39.6
Western Sydney,2022-06,23.1,19.7
Western Sydney,2022-07,17.0,15.7
Western Sydney,2022-08,27.4,20.3
Western Sydney,2022-09,17.7,17.5
Western Sydney,2022-10,19.0,17.3
Western Sydney,2022-11,16.3,18.7
Western Sydney,2022-12,15.1,13.5
Western Sydney,2023-01,11.9,10.7
Western Sydney,2023-02,19.3,23.6
Western Sydney,2023-03,16.2,14.0
Western Sydney,2023-04,22.1,18.0
Western Sydney,2023-05,22.9,21.9
Western Sydney,2023-06,15.3,18.3
